_id,tahun_data,kabupaten,kecamatan,desa,titik
1,2023,Banjarnegara,Pagentan,Majasari,1
2,2023,Banjarnegara,Pagentan,Kayuares,1
3,2023,Banjarnegara,Sigaluh,Prigi,1
4,2023,Banjarnegara,Sigaluh,Karangmangu,1
5,2023,Banjarnegara,Pejawaran,Biting,1
6,2023,Banjarnegara,Pejawaran,Gembol,1
7,2023,Banjarnegara,Pejawaran,Ratamba,1
8,2023,Banjarnegara,Pagentan,Pagentan,1
9,2023,Banyumas,Somagede,Kemawi,1
10,2023,Banyumas,Kebasen,Kalisalak,1
11,2023,Banyumas,Jatilawang,Kedungwringin,1
12,2023,Banyumas,Kedungbanteng,Kalikesur,1
13,2023,Banyumas,Sumbang,Banjarsari Wetan,1
14,2023,Banyumas,Kembaran,Sambeng Wetan,1
15,2023,Banyumas,Rawalo,Tambaknegara,1
16,2023,Banyumas,Pekuncen,Karangkemiri,1
17,2023,Banyumas,Ajibarang,Sawangan,1
18,2023,Banyumas,Kalibagor,Suro,1
19,2023,Batang,Reban,Ngadirejo,1
20,2023,Batang,Bawang,Sibebek,1
21,2023,Batang,Pecalungan,Siguci,1
22,2023,Batang,Reban,Wonorojo,1
23,2023,Batang,Pecalungan,Selokarto,1
24,2023,Batang,Pecalungan,Gombong,1
25,2023,Batang,Tersono,Kranggan,1
26,2023,Batang,Bawang,Sidoharjo,1
27,2023,Batang,Reban,Sojomerto,1
28,2023,Batang,Reban,Padomasan,1
29,2023,Batang,Reban,Kepundung,1
30,2023,Batang,Blado,Keputon,1
31,2023,Batang,Blado,Kambangan,1
32,2023,Blora,Sambong,Sambongrejo,1
33,2023,Blora,Japah,Harjowinangun,1
34,2023,Blora,Japah,Beganjing,1
35,2023,Blora,Japah,Japah,1
36,2023,Blora,Kunduran,Klokah,1
37,2023,Blora,Todanan,Cokrowati,1
38,2023,Blora,Sambong,Temengeng,1
39,2023,Blora,Banjarejo,Sendanggayam,1
40,2023,Blora,Kunduran,Sempu,1
41,2023,Boyolali,Juwangi,Pilangrejo,1
42,2023,Boyolali,Juwangi,Jerukan,1
43,2023,Boyolali,Ampel,Ngargosari,1
44,2023,Boyolali,Andong,Beji,1
45,2023,Boyolali,Kemusu,Kemusu,1
46,2023,Boyolali,Ngemplak,Pandeyan,1
47,2023,Boyolali,Sambi,Tempursari,1
48,2023,Boyolali,Selo,Selo,1
49,2023,Boyolali,Andong,Kadipaten,1
50,2023,Boyolali,Nogosari,Potronayan,1
51,2023,Boyolali,Sambi,Tawengan,1
52,2023,Boyolali,Kemusu,Genengsari,1
53,2023,Boyolali,Kemusu,Klewor,1
54,2023,Boyolali,Sambi,Catur,1
55,2023,Brebes,Bantarkawung,Pangebatan,1
56,2023,Brebes,Bantarkawung,Jipang,1
57,2023,Brebes,Salem,Citimbang,1
58,2023,Brebes,Banjarharjo,Cikakak,1
59,2023,Brebes,Banjarharjo,Cibuniwangi,1
60,2023,Brebes,Banjarharjo,Cigadung,1
61,2023,Brebes,Sirampog,Sridadi,1
62,2023,Brebes,Salem,Gunungsugih,1
63,2023,Brebes,Salem,Pabuaran,1
64,2023,Brebes,Bantarkawung,Cinanas,1
65,2023,Brebes,Paguyangan,Cipetung,1
66,2023,Cilacap,Wanareja,Adimulya,1
67,2023,Cilacap,Wanareja,Limbangan,1
68,2023,Cilacap,Wanareja,Madura,1
69,2023,Cilacap,Adipala,Karangsari,1
70,2023,Cilacap,Gandrungmangu,Karanganyar,1
71,2023,Cilacap,Karangpucung,Pangawaren,1
72,2023,Cilacap,Kawunganten,Bojong,1
73,2023,Cilacap,Kawunganten,Sarwadadi,1
74,2023,Cilacap,Kesugihan,Dondong,1
75,2023,Cilacap,Kesugihan,Karangjengkol,1
76,2023,Cilacap,Kawunganten,Ujungmanik,1
77,2023,Cilacap,Sidareja,Penyarang 1,1
78,2023,Demak,Wonosalam,Getas,1
79,2023,Demak,Karanganyar,Jatirejo,1
80,2023,Demak,Wedung,Berahan Wetan,1
81,2023,Demak,Wedung,Berahan Kulon,1
82,2023,Demak,Karangawen,Jragung,1
83,2023,Demak,Kebonagung,Mijen,1
84,2023,Demak,Sayung,Prampelan,1
85,2023,Demak,Sayung,Sidogemah,1
86,2023,Demak,Demak,Kedondong,1
87,2023,Demak,Bonang,Weding,1
88,2023,Grobogan,Ngaringan,Sumberagung,1
89,2023,Grobogan,Gubug,Mlilir,1
90,2023,Grobogan,Ngaringan,Bandungsari,1
91,2023,Grobogan,Gubug,Kuwaron,1
92,2023,Grobogan,Gubug,Ginggangtani,1
93,2023,Grobogan,Gubug,Pranten,1
94,2023,Grobogan,Geyer,Jambangan,1
95,2023,Grobogan,Wirosari,Tegalrejo,1
96,2023,Grobogan,Karangrayung,Karanganyar,1
97,2023,Grobogan,Ngaringan,Belor,1
98,2023,Jepara,Donorojo,Blingoh,1
99,2023,Jepara,Keling,Kelet,1
100,2023,Jepara,Donorojo,Banyumanis,1
101,2023,Jepara,Karimun Jawa,Karimun Jawa,1
102,2023,Jepara,Pakis Aji,Lebak,1
103,2023,Karanganyar,Jumapolo,Kwangsan,1
104,2023,Karanganyar,Mojogedang,Mojogedang,1
105,2023,Karanganyar,Kerjo,Sumberejo,1
106,2023,Karanganyar,Mojogedang,Pendem,1
107,2023,Karanganyar,Kerjo,Kwadungan,1
108,2023,Karanganyar,Kerjo,Plosorejo,1
109,2023,Karanganyar,Kerjo,Botok,1
110,2023,Karanganyar,Karanganyar,Gedong,1
111,2023,Karanganyar,Karanganyar,Delingan,1
112,2023,Karanganyar,Tasikmadu,Kaling,1
113,2023,Kebumen,Karangsambung,Totogan,1
114,2023,Kebumen,Alian,Wonokromo,1
115,2023,Kebumen,Klirong,Tanggulangin,1
116,2023,Kebumen,Alian,Kaliputih,1
117,2023,Kebumen,Ayah,Candirenggo,1
118,2023,Kebumen,Ayah,Jatijajar,1
119,2023,Kebumen,Ayah,Bulurejo,1
120,2023,Kebumen,Klirong,Bumiharjo,1
121,2023,Kebumen,Klirong,Tambakprogaten,1
122,2023,Kebumen,Buayan,Tugu,1
123,2023,Kebumen,Puring,Surorejan,1
124,2023,Kendal,Kaliwungu Selatan,Magelung,1
125,2023,Kendal,Patean,Kalices,1
126,2023,Kendal,Patean,Sukomangli,1
127,2023,Kendal,Pageruyung,Surokonto Kulon ( Dusun Bulupitu ),1
128,2023,Kendal,Rowosari,Gempolsewu,1
129,2023,Kendal,Limbangan,Tamanrejo,1
130,2023,Klaten,Kemalang,Tlogowatu,1
131,2023,Klaten,Jatinom,Randulanang,1
132,2023,Klaten,Gantiwarno,Kragilan,1
133,2023,Klaten,Gantiwarno,Jogoprayan,1
134,2023,Klaten,Gantiwarno,Gentan,1
135,2023,Klaten,Bayat,Nengahan,1
136,2023,Klaten,Bayat,Jarum,1
137,2023,Klaten,Bayat,Bogem,1
138,2023,Klaten,Juwiring,Serenan,1
139,2023,Klaten,Jatinom,Tibayan,1
140,2023,Klaten,Trucuk,Gaden,1
141,2023,Klaten,Manisrenggo,Borangan,1
142,2023,Kudus,Dawe,Dukuh Waringin,1
143,2023,Kudus,Kaliwungu,Setrokalangan,1
144,2023,Kudus,Kaliwungu,Bakalan Krapyak,1
145,2023,Kudus,Jekulo,Gondoharum,1
146,2023,Kudus,Jekulo,Pladen,1
147,2023,Kudus,Jekulo,Bulung Kulon,1
148,2023,Kudus,Jekulo,Bulung Cangkring,1
149,2023,Magelang,Windusari,Balesari,1
150,2023,Magelang,Kaliangkrik,Balekerto,1
151,2023,Magelang,Grabag,Sugihmas,1
152,2023,Magelang,Kaliangkrik,Ngawonggo,1
153,2023,Magelang,Windusari,Candisari,1
154,2023,Magelang,Windusari,Wonoroto,1
155,2023,Magelang,Borobudur,Giritengah,1
156,2023,Magelang,Pakis,Petung,1
157,2023,Magelang,Salaman,Purwosari,1
158,2023,Magelang,Pakis,Bawang,1
159,2023,Magelang,Pakis,Kragilan,1
160,2023,Magelang,Pakis,Losari,1
161,2023,Magelang,Kaliangkrik,Temanggung,1
162,2023,Magelang,Windusari,Genito,1
163,2023,Magelang,Pakis,Banyusidi,1
164,2023,Pati,Kecamatan Cluwak,Ngawen,1
165,2023,Pati,Kecamatan Tlogowungu,Tamansari,1
166,2023,Pati,Kayen,Trimulyo,1
167,2023,Pati,Tambakromo,Kedalingan,1
168,2023,Pati,Gabus,Mojolawaran,1
169,2023,Pati,Pati,Semampir,1
170,2023,Pati,Pati,Gajahmati,1
171,2023,Pati,Pati,Panjunan,1
172,2023,Pati,Pati,Kalidoro,1
173,2023,Pati,Gabus,Penanggungan,1
174,2023,Pekalongan,Kandangserang,Tajur,1
175,2023,Pekalongan,Petungkriyono,Yosorejo,1
176,2023,Pekalongan,Paninggaran,Lumeneng,1
177,2023,Pekalongan,Sragi,Kedungjaran,1
178,2023,Pekalongan,Bojong,Duwet,1
179,2023,Pekalongan,Kajen,Wororejo,1
180,2023,Pemalang,Watukumpul,Medayu,1
181,2023,Pemalang,Watukumpul,Tambi,1
182,2023,Pemalang,Belik,Mendelem,1
183,2023,Pemalang,Belik,Gombong,1
184,2023,Pemalang,Moga,Mandiraja,1
185,2023,Pemalang,Petarukan,Serang,1
186,2023,Pemalang,Petarukan,Widodaren,1
187,2023,Pemalang,Watukumpul,Wisnu,1
188,2023,Pemalang,Pemalang,Surajaya,1
189,2023,Pemalang,Watukumpul,Jojogan,1
190,2023,Pemalang,Watukumpul,Cikadu,1
191,2023,Purbalingga,Kejobong,Nangkasawit,1
192,2023,Purbalingga,Mrebet,Binangun,1
193,2023,Purbalingga,Mrebet,Serayu Larangan,1
194,2023,Purbalingga,Kutasari,Candiwulan,1
195,2023,Purbalingga,Kemangkon,Bakulan,1
196,2023,Purbalingga,Kutasari,Karangcegak,1
197,2023,Purbalingga,Bobotsari,Limbasari,1
198,2023,Purbalingga,Karanganyar,Jambudesa,1
199,2023,Purbalingga,Bobotsari,Pakuncen,1
200,2023,Purbalingga,Rembang,Panusupan,1
201,2023,Purbalingga,Kertanegara,Krangean,1
202,2023,Purbalingga,Karangreja,Serang,1
203,2023,Purbalingga,Karangreja,Tlahab Lor,1
204,2023,Purworejo,Pituruh,Wonoyoso,1
205,2023,Purworejo,Pituruh,Sumber,1
206,2023,Purworejo,Pituruh,Semampir,1
207,2023,Purworejo,Pituruh,Polowangi,1
208,2023,Purworejo,Pituruh,Gumawangrejo,1
209,2023,Purworejo,Ngombol,Wingkosigromulyo,1
210,2023,Purworejo,Ngombol,Sumberrejo,1
211,2023,Purworejo,Loano,Mudalrejo,1
212,2023,Purworejo,Kutoarjo,Tungtungpait,1
213,2023,Purworejo,Bener,Kedungpucang,1
214,2023,Purworejo,Bagelen,Somorejo,1
215,2023,Purworejo,Bener,Bleber,1
216,2023,Purworejo,Kaligesing,Donorejo,1
217,2023,Purworejo,Bener,Kalijambe,1
218,2023,Purworejo,Bagelen,Clapar,1
219,2023,Purworejo,Bagelen,Kalirejo,1
220,2023,Purworejo,Butuh,Blekatuk,1
221,2023,Purworejo,Bruno,Brunosari,1
222,2023,Rembang,Lasem,Karasgede,1
223,2023,Rembang,Lasem,Ngargomulyo,1
224,2023,Rembang,Lasem,Kajar,1
225,2023,Rembang,Sluke,Sendangmulyo,1
226,2023,Rembang,Kragan,Woro,1
227,2023,Rembang,Pamotan,Bangunrejo,1
228,2023,Rembang,Lasem,Jolotundo,1
229,2023,Rembang,Sumber,Ronggo Mulyo,1
230,2023,Rembang,Sumber,Jatihadi,1
231,2023,Rembang,Sale,Ukir,1
232,2023,Semarang,Tuntang,Tlompakan,1
233,2023,Semarang,Bringin,Popongan,1
234,2023,Semarang,Bergas,Gondoriyo,1
235,2023,Semarang,Jambu,Gemawang,1
236,2023,Semarang,Susukan,Tawang,1
237,2023,Semarang,Ambarawa,Pasekan,1
238,2023,Semarang,Bergas,Munding,1
239,2023,Semarang,Sumowono,Ngadirekso,1
240,2023,Sragen,Mondokan,Tempelrejo,1
241,2023,Sragen,Gesi,Blangu,1
242,2023,Sragen,Miri,Gilirejo Baru,1
243,2023,Sragen,Masaran,Pilang,1
244,2023,Sragen,Sambirejo,Jetis,1
245,2023,Sragen,Sambungmacan,Banaran,1
246,2023,Sragen,Tanon,Suwatu,1
247,2023,Sragen,Tanon,Pengkol,1
248,2023,Sragen,Tangen,Ngrombo,1
249,2023,Sragen,Mondokan,Pare,1
250,2023,Sragen,Gondang,Bumiaji,1
251,2023,Sragen,Sambirejo,Kadipiro,1
252,2023,Tegal,Bumijawa,Gunung Agung,1
253,2023,Tegal,Bumijawa,Sumbaga,1
254,2023,Tegal,Jatinegara,Argatawang,1
255,2023,Tegal,Jatinegara,Dukuhbangsa,1
256,2023,Tegal,Kedungbanteng,Sumingkir,1
257,2023,Tegal,Bumijawa,Dukuhbenda,1
258,2023,Tegal,Jatinegara,Gantungan,1
259,2023,Tegal,Suradadi,Kertasari,1
260,2023,Tegal,Margasari,Wanasari,1
261,2023,Tegal,Pangkah,Pener,1
262,2023,Tegal,Suradadi,Jatibogor,1
263,2023,Tegal,Pangkah,Bedug,1
264,2023,Temanggung,Pringsurat,Wonokerso,1
265,2023,Temanggung,Parakan,Sunggingsari,1
266,2023,Temanggung,Bansari,Tanurejo,1
267,2023,Temanggung,Bansari,Mojosari,1
268,2023,Temanggung,Bansari,Rejosari,1
269,2023,Temanggung,Kaloran,Gentan,1
270,2023,Temanggung,Parakan,Campursalam,1
271,2023,Temanggung,Tlogomulyo,Tlilir,1
272,2023,Temanggung,Parakan,Traji,1
273,2023,Temanggung,Ngadirejo,Kataan,1
274,2023,Wonogiri,Wuryantoro,Pulutan Kulon,1
275,2023,Wonogiri,Manyaran,Kepuh Sari,1
276,2023,Wonogiri,Jatiroto,Guno,1
277,2023,Wonogiri,Jatiroto,Dawungan,1
278,2023,Wonogiri,Tirtomoyo,Tirtomoyo,1
279,2023,Wonogiri,Manyaran,Pagutan,1
280,2023,Wonogiri,Ngadirojo,Ngabeyan,1
281,2023,Wonogiri,Ngadirojo,Mojoreno,1
282,2023,Wonogiri,Ngadirojo,Mlokomanis Wetan,1
283,2023,Wonogiri,Ngadirojo,Kerjokidul,1
284,2023,Wonosobo,Wadaslintang,Tirip,1
285,2023,Wonosobo,Kalibawang,Tempurejo,1
286,2023,Wonosobo,Kalikajar,Butuh,1
287,2023,Wonosobo,Kepil,Pulosaren,1
288,2023,Wonosobo,Selomerto,Candi,1
289,2023,Wonosobo,Sukoharjo,Sukoharjo,1
290,2023,Wonosobo,Wadaslintang,Wadaslintang,1
291,2023,Wonosobo,Wadaslintang,Trimulyo,1
292,2023,Wonosobo,Kepil,Gadingsukuh,1
293,2023,Wonosobo,Mojotengah,Slukatan,1
294,2023,Wonosobo,Kepil,Ropoh,1
295,2023,Wonosobo,Mojotengah,Kebrengan,1
296,2023,Wonosobo,Garung,Menjer,1
297,2023,Wonosobo,Mojotengah,Blederan,1
298,2023,Wonosobo,Sapuran,Banyumudal,1
299,2023,Wonosobo,Sapuran,Tempursari,1
300,2023,Wonosobo,Sapuran,Batursari,1
